group,field_code,field_name,target_entity,required_rule,unique_rule,sensitivity,edit_mode,history_mode,phase,current_status,business_decision,notes
identity,legal_name,法定姓名,Person,CREATE_PERSON,NO,INTERNAL,DIRECT_WITH_AUDIT,AUDIT_ONLY,P1,GAP,ACCEPT_RECOMMENDED,
identity,display_name,展示姓名,Person,CREATE_PERSON,NO,INTERNAL,DIRECT_WITH_AUDIT,AUDIT_ONLY,P1,EXISTING,ACCEPT_RECOMMENDED,默认等于法定姓名
identity,former_name,曾用名,Person,OPTIONAL,NO,INTERNAL,DIRECT_WITH_AUDIT,AUDIT_ONLY,P1,EXISTING,ACCEPT_RECOMMENDED,
identity,gender_code,性别,Person,QUALITY_CHECK_BEFORE_ACTIVE,NO,SENSITIVE,DIRECT_WITH_AUDIT,AUDIT_ONLY,P1,EXISTING,ACCEPT_RECOMMENDED,允许为空且缺失不阻断
identity,birth_date,出生日期,Person,QUALITY_CHECK_BEFORE_ACTIVE,NO,SENSITIVE,DIRECT_WITH_AUDIT,AUDIT_ONLY,P1,EXISTING,ACCEPT_RECOMMENDED,允许为空且缺失不阻断
identity,nationality_code,国籍,Person,QUALITY_CHECK_BEFORE_ACTIVE,NO,SENSITIVE,DIRECT_WITH_AUDIT,AUDIT_ONLY,P1,EXISTING,ACCEPT_RECOMMENDED,ISO国家代码且缺失不阻断
identity,country_code,所在国家或地区,Person,QUALITY_CHECK_BEFORE_ACTIVE,NO,SENSITIVE,DIRECT_WITH_AUDIT,AUDIT_ONLY,P1,EXISTING,ACCEPT_RECOMMENDED,ISO国家或地区代码且缺失不阻断
identity,ethnicity_code,民族,Person,OPTIONAL,NO,SENSITIVE,DIRECT_WITH_AUDIT,AUDIT_ONLY,P1,GAP,ACCEPT_RECOMMENDED,不得映射为国籍
identity,marital_status_code,婚姻状况,Person,OPTIONAL,NO,SENSITIVE,DIRECT_WITH_AUDIT,AUDIT_ONLY,P1,GAP,ACCEPT_RECOMMENDED,
identity,political_status_code,政治面貌,Person,OPTIONAL,NO,SENSITIVE,DIRECT_WITH_AUDIT,AUDIT_ONLY,P1,GAP,ACCEPT_RECOMMENDED,
identity,employee_number,统一工号,Person,BEFORE_PENDING_START,GROUP_GLOBAL,INTERNAL,IMMUTABLE_CORRECTION,AUDIT_ONLY,P1,EXISTING,ACCEPT_RECOMMENDED,六位纯数字且永不回收
document,document_type_code,证件类型,PersonDocument,BEFORE_LABOR_EMPLOYMENT,TYPE_ISSUER_NUMBER,HIGH,CORRECTION_WITH_AUDIT,EFFECTIVE_DATED,P1,GAP,ACCEPT_RECOMMENDED,外部合作人员可暂缺
document,document_number,证件号码,PersonDocument,BEFORE_LABOR_EMPLOYMENT,TYPE_ISSUER_NUMBER,HIGH,CORRECTION_WITH_AUDIT,EFFECTIVE_DATED,P1,GAP,ACCEPT_RECOMMENDED,只保存加密值脱敏值和不可逆摘要
document,issuing_country_code,签发国家或地区,PersonDocument,WITH_DOCUMENT,NO,SENSITIVE,CORRECTION_WITH_AUDIT,EFFECTIVE_DATED,P1,GAP,ACCEPT_RECOMMENDED,
document,issue_date,签发日期,PersonDocument,OPTIONAL,NO,SENSITIVE,CORRECTION_WITH_AUDIT,EFFECTIVE_DATED,P1,GAP,ACCEPT_RECOMMENDED,
document,expiry_date,到期日期,PersonDocument,OPTIONAL,NO,SENSITIVE,CORRECTION_WITH_AUDIT,EFFECTIVE_DATED,P1,GAP,ACCEPT_RECOMMENDED,
document,is_primary,主要证件,PersonDocument,WITH_DOCUMENT,ONE_ACTIVE_PER_PERSON,SENSITIVE,CORRECTION_WITH_AUDIT,EFFECTIVE_DATED,P1,GAP,ACCEPT_RECOMMENDED,
document,verification_status,校验状态,PersonDocument,WITH_DOCUMENT,NO,SENSITIVE,CORRECTION_WITH_AUDIT,VERSIONED,P1,GAP,ACCEPT_RECOMMENDED,
document,attachment_id,证件附件,PersonDocument,OPTIONAL,NO,HIGH,CONTROLLED_UPLOAD,AUDIT_ONLY,P2,DEFER,ACCEPT_RECOMMENDED,等待对象存储病毒扫描和附件权限
contact,contact_type,联系方式类型,PersonContact,WITH_CONTACT,NO,INTERNAL,DIRECT_WITH_AUDIT,EFFECTIVE_DATED,P1,GAP,ACCEPT_RECOMMENDED,个人手机工作手机个人邮箱工作邮箱
contact,contact_value,联系方式值,PersonContact,OPTIONAL,NORMALIZED_PER_TYPE,SENSITIVE,DIRECT_WITH_AUDIT,EFFECTIVE_DATED,P1,GAP,ACCEPT_RECOMMENDED,个人值加密和脱敏
contact,is_primary,主要联系方式,PersonContact,WITH_CONTACT,ONE_ACTIVE_PER_TYPE,SENSITIVE,DIRECT_WITH_AUDIT,EFFECTIVE_DATED,P1,GAP,ACCEPT_RECOMMENDED,
address,address_type,地址类型,PersonAddress,WITH_ADDRESS,NO,SENSITIVE,DIRECT_WITH_AUDIT,EFFECTIVE_DATED,P1,GAP,ACCEPT_RECOMMENDED,常住或通讯
address,country_code,地址国家或地区,PersonAddress,WITH_ADDRESS,NO,SENSITIVE,DIRECT_WITH_AUDIT,EFFECTIVE_DATED,P1,GAP,ACCEPT_RECOMMENDED,
address,region_code,行政区,PersonAddress,OPTIONAL,NO,SENSITIVE,DIRECT_WITH_AUDIT,EFFECTIVE_DATED,P1,GAP,ACCEPT_RECOMMENDED,
address,address_detail,详细地址,PersonAddress,OPTIONAL,NO,SENSITIVE,DIRECT_WITH_AUDIT,EFFECTIVE_DATED,P1,GAP,ACCEPT_RECOMMENDED,加密且默认脱敏
emergency,name,紧急联系人姓名,EmergencyContact,OPTIONAL,NO,SENSITIVE,DIRECT_WITH_AUDIT,EFFECTIVE_DATED,P1,GAP,ACCEPT_RECOMMENDED,
emergency,relationship_code,与本人关系,EmergencyContact,WITH_EMERGENCY_CONTACT,NO,SENSITIVE,DIRECT_WITH_AUDIT,EFFECTIVE_DATED,P1,GAP,ACCEPT_RECOMMENDED,
emergency,phone,紧急联系人电话,EmergencyContact,WITH_EMERGENCY_CONTACT,NO,SENSITIVE,DIRECT_WITH_AUDIT,EFFECTIVE_DATED,P1,GAP,ACCEPT_RECOMMENDED,加密且默认脱敏
employment,employee_type_code,员工类型,Employment,CREATE_EMPLOYMENT,NO,INTERNAL,HR_EVENT,EFFECTIVE_DATED,P1,EXISTING,ACCEPT_RECOMMENDED,字典配置占编规则
employment,status,雇佣状态,Employment,CREATE_EMPLOYMENT,NO,INTERNAL,HR_EVENT,EFFECTIVE_DATED,P1,EXISTING,ACCEPT_RECOMMENDED,
employment,planned_start_date,计划入职日期,Employment,CREATE_EMPLOYMENT,NO,INTERNAL,HR_EVENT,EFFECTIVE_DATED,P1,EXISTING,ACCEPT_RECOMMENDED,
employment,actual_start_date,实际入职日期,Employment,BEFORE_ACTIVE_EMPLOYMENT,NO,INTERNAL,HR_EVENT,EFFECTIVE_DATED,P1,EXISTING,ACCEPT_RECOMMENDED,
employment,probation_end_date,转正日期,Employment,OPTIONAL,NO,INTERNAL,HR_EVENT,EFFECTIVE_DATED,P1,EXISTING,ACCEPT_RECOMMENDED,
employment,end_date,离职日期,Employment,OPTIONAL,NO,INTERNAL,HR_EVENT,EFFECTIVE_DATED,P1,EXISTING,ACCEPT_RECOMMENDED,
employment,end_reason_code,离职原因,Employment,WITH_END_DATE,NO,SENSITIVE,HR_EVENT,EFFECTIVE_DATED,P1,EXISTING,ACCEPT_RECOMMENDED,
employment,contract_legal_entity_id,劳动合同主体,EmploymentLegalEntityRelation,CREATE_EMPLOYMENT,ONE_ACTIVE_PER_KIND,INTERNAL,HR_EVENT,EFFECTIVE_DATED,P1,PARTIAL,ACCEPT_RECOMMENDED,当前Employment保存投影且需补独立有效期关系
employment,payroll_legal_entity_id,发薪主体,EmploymentLegalEntityRelation,DEFAULT_CONTRACT_ENTITY,ONE_ACTIVE_PER_KIND,SENSITIVE,HR_EVENT,EFFECTIVE_DATED,P1,PARTIAL,ACCEPT_RECOMMENDED,当前Employment保存投影且需补独立有效期关系
employment,social_insurance_legal_entity_id,社保主体,EmploymentLegalEntityRelation,DEFAULT_CONTRACT_ENTITY,ONE_ACTIVE_PER_KIND,SENSITIVE,HR_EVENT,EFFECTIVE_DATED,P1,PARTIAL,ACCEPT_RECOMMENDED,当前Employment保存投影且需补独立有效期关系
employment,tax_legal_entity_id,个税主体,EmploymentLegalEntityRelation,DEFAULT_CONTRACT_ENTITY,ONE_ACTIVE_PER_KIND,SENSITIVE,HR_EVENT,EFFECTIVE_DATED,P1,PARTIAL,ACCEPT_RECOMMENDED,当前Employment保存投影且需补独立有效期关系
assignment,organization_id,组织,EmploymentAssignment,WITH_ASSIGNMENT,ONE_PRIMARY_ACTIVE,INTERNAL,HR_EVENT,EFFECTIVE_DATED,P1,EXISTING,ACCEPT_RECOMMENDED,
assignment,job_id,职务,EmploymentAssignment,PRIMARY_ASSIGNMENT,ONE_PRIMARY_ACTIVE,INTERNAL,HR_EVENT,EFFECTIVE_DATED,P1,EXISTING,ACCEPT_RECOMMENDED,
assignment,relation_type,任职关系类型,EmploymentAssignment,WITH_ASSIGNMENT,NO,INTERNAL,HR_EVENT,EFFECTIVE_DATED,P1,EXISTING,ACCEPT_RECOMMENDED,主职兼岗借调项目虚拟
assignment,effective_from,任职生效日期,EmploymentAssignment,WITH_ASSIGNMENT,NO,INTERNAL,HR_EVENT,EFFECTIVE_DATED,P1,EXISTING,ACCEPT_RECOMMENDED,
assignment,effective_to,任职失效日期,EmploymentAssignment,OPTIONAL,NO,INTERNAL,HR_EVENT,EFFECTIVE_DATED,P1,EXISTING,ACCEPT_RECOMMENDED,
reporting,manager_person_id,上级人员,ReportingRelation,WITH_REPORTING,NO,INTERNAL,HR_EVENT,EFFECTIVE_DATED,P1,GAP,ACCEPT_RECOMMENDED,
reporting,relation_type,汇报类型,ReportingRelation,WITH_REPORTING,NO,INTERNAL,HR_EVENT,EFFECTIVE_DATED,P1,GAP,ACCEPT_RECOMMENDED,实线或虚线
agreement,agreement_type_code,协议关系类型,AgreementRelationship,CREATE_AGREEMENT,NO,INTERNAL,HR_EVENT,EFFECTIVE_DATED,P1,EXISTING,ACCEPT_RECOMMENDED,合作派遣等
agreement,legal_entity_id,集团法人主体,AgreementRelationship,ENTITY_OR_COUNTERPARTY,NO,INTERNAL,HR_EVENT,EFFECTIVE_DATED,P1,EXISTING,ACCEPT_RECOMMENDED,
agreement,counterparty_name,外部合作方,AgreementRelationship,ENTITY_OR_COUNTERPARTY,NO,SENSITIVE,HR_EVENT,EFFECTIVE_DATED,P1,EXISTING,ACCEPT_RECOMMENDED,
related,education_history,教育经历,EducationRecord,OPTIONAL,NO,SENSITIVE,DIRECT_WITH_AUDIT,EFFECTIVE_DATED,P1,GAP,ACCEPT_RECOMMENDED,建模但非必填
related,work_history,工作经历,WorkExperience,OPTIONAL,NO,SENSITIVE,DIRECT_WITH_AUDIT,EFFECTIVE_DATED,P1,GAP,ACCEPT_RECOMMENDED,建模但非必填
related,family_member,家庭成员,FamilyMember,OPTIONAL,NO,SENSITIVE,DIRECT_WITH_AUDIT,EFFECTIVE_DATED,P1,GAP,ACCEPT_RECOMMENDED,建模但非必填
related,bank_account,银行账户,BankAccount,OPTIONAL,NO,HIGH,CONTROLLED_CHANGE,EFFECTIVE_DATED,P4,DEFER,ACCEPT_RECOMMENDED,第四阶段发薪前实现
related,person_attachment,人员附件,Attachment,OPTIONAL,NO,HIGH,CONTROLLED_UPLOAD,AUDIT_ONLY,P2,DEFER,ACCEPT_RECOMMENDED,等待安全附件底座
